{
  "feature_history": [
    [
      24,
      1,
      5,
      1,
      4,
      0,
      1,
      0,
      0,
      0,
      0,
      0,
      0,
      0
    ],
    [
      35,
      1,
      14,
      4,
      10,
      0,
      1,
      0,
      0,
      0,
      0,
      0,
      0,
      0
    ],
    [
      27,
      1,
      11,
      2,
      9,
      0,
      1,
      0,
      0,
      0,
      0,
      0,
      0,
      0
    ],
    [
      27,
      1,
      11,
      2,
      9,
      0,
      1,
      0,
      0,
      0,
      0,
      0,
      0,
      0
    ],
    [
      24,
      1,
      5,
      1,
      4,
      0,
      1,
      0,
      0,
      0,
      0,
      0,
      0,
      0
    ],
    [
      24,
      1,
      5,
      1,
      4,
      0,
      1,
      0,
      0,
      0,
      0,
      0,
      0,
      0
    ],
    [
      24,
      1,
      5,
      1,
      4,
      0,
      1,
      0,
      0,
      0,
      0,
      0,
      0,
      0
    ],
    [
      33,
      1,
      16,
      1,
      15,
      0,
      1,
      0,
      0,
      0,
      0,
      0,
      0,
      0
    ]
  ],
  "prompt_history": [
    0,
    1,
    6,
    6,
    4,
    6,
    6,
    6
  ],
  "score_history": [
    7.37,
    8.39,
    9.13,
    8.12,
    6.16,
    7.9,
    7.9,
    9.13
  ],
  "sample_count": 8,
  "is_scaler_fitted": true,
  "model_coef": [
    1.6408852776323741,
    0.07369948410154768,
    0.33044063244798755,
    0.0010819017653435048,
    0.27402154548466645,
    0.0,
    0.07369948410154768,
    0.0,
    0.0,
    0.0,
    0.0,
    0.0,
    0.0,
    0.0,
    1.2930167209710457
  ],
  "model_intercept": [
    0.3546531738524796
  ],
  "scaler_mean": [
    29.5,
    1.0,
    9.5,
    2.5,
    7.0,
    0.0,
    1.0,
    0.0,
    0.0,
    0.0,
    0.0,
    0.0,
    0.0,
    0.0
  ],
  "scaler_scale": [
    5.5,
    1.0,
    4.5,
    1.5,
    3.0,
    1.0,
    1.0,
    1.0,
    1.0,
    1.0,
    1.0,
    1.0,
    1.0,
    1.0
  ],
  "timestamp": "2025-11-13T13:31:54.564917"
}